<application id="PassBookSample" name="PassBookSample" ffixmlversion="2.0" language="js"><jsnamespace namespace="com.kony" iphoneheaders="KLPassbook.zip:KonyPKPassLibrary.h;KonyPKAddPassesViewController.h;FFI_Passbook.h;KonyPKPass.h" ipadheaders="KLPassbook.zip:KonyPKPassLibrary.h;KonyPKAddPassesViewController.h;FFI_Passbook.h;KonyPKPass.h"><jsclasses><jsclass name="PassLibrary"><classmappings><mapping platform="iphone" library="KLPassbook.zip" namespace="" class="KonyPKPassLibrary" frameworks="PassKit.framework" /><mapping platform="ipad" library="KLPassbook.zip" namespace="" class="KonyPKPassLibrary" frameworks="PassKit.framework" /></classmappings><constructormethod returntype="Object"><params></params><mappings><mapping platform="iphone" method="init" constructor="true" static="false" frameworks="PassKit.framework" ><params></params></mapping><mapping platform="ipad" method="init" constructor="true" static="false" frameworks="PassKit.framework" ><params></params></mapping></mappings></constructormethod><instancemethods><instancemethod name="getPasses" returntype="Array"><params></params><mappings><mapping platform="iphone" static="false" method="passes" returntype="NSArray"  ><params></params></mapping><mapping platform="ipad" static="false" method="passes" returntype="NSArray"  ><params></params></mapping></mappings></instancemethod><instancemethod name="getPassWithTypeIdentifierAndSerialNumber" returntype="Object"><params><param name="identifier" type="String"/><param name="serialNumber" type="String"/></params><mappings><mapping platform="iphone" static="false" method="passWithPassTypeIdentifier: andSerialNumber:" returntype="id"  ><params><param type="NSString"/><param type="NSString"/></params></mapping><mapping platform="ipad" static="false" method="passWithPassTypeIdentifier: andSerialNumber:" returntype="id"  ><params><param type="NSString"/><param type="NSString"/></params></mapping></mappings></instancemethod><instancemethod name="addPassWithCompletionCallback" returntype="void"><params><param name="pass" type="Object"/><param name="completionCallback" type="Function"/></params><mappings><mapping platform="iphone" static="false" method="addPass:withCompletionCallback:" returntype="void"  ><params><param type="id"/><param type="Callback"/></params></mapping><mapping platform="ipad" static="false" method="addPass:withCompletionCallback:" returntype="void"  ><params><param type="id"/><param type="Callback"/></params></mapping></mappings></instancemethod><instancemethod name="addPassesWithCompletionCallback" returntype="void"><params><param name="passes" type="Array"/><param name="completionCallback" type="Function"/></params><mappings><mapping platform="iphone" static="false" method="addPasses:withCompletionCallback:" returntype="void"  ><params><param type="NSArray"/><param type="Callback"/></params></mapping><mapping platform="ipad" static="false" method="addPasses:withCompletionCallback:" returntype="void"  ><params><param type="NSArray"/><param type="Callback"/></params></mapping></mappings></instancemethod><instancemethod name="removePass" returntype="void"><params><param name="pass" type="Object"/></params><mappings><mapping platform="iphone" static="false" method="removePass:" returntype="void"  ><params><param type="id"/></params></mapping><mapping platform="ipad" static="false" method="removePass:" returntype="void"  ><params><param type="id"/></params></mapping></mappings></instancemethod><instancemethod name="replacePassWithPass" returntype="Boolean"><params><param name="pass" type="Object"/></params><mappings><mapping platform="iphone" static="false" method="replacePassWithPass:" returntype="BOOL"  ><params><param type="id"/></params></mapping><mapping platform="ipad" static="false" method="replacePassWithPass:" returntype="BOOL"  ><params><param type="id"/></params></mapping></mappings></instancemethod><instancemethod name="containsPass" returntype="Boolean"><params><param name="pass" type="Object"/></params><mappings><mapping platform="iphone" static="false" method="containsPass:" returntype="BOOL"  ><params><param type="id"/></params></mapping><mapping platform="ipad" static="false" method="containsPass:" returntype="BOOL"  ><params><param type="id"/></params></mapping></mappings></instancemethod></instancemethods></jsclass><jsclass name="Pass"><classmappings><mapping platform="iphone" library="KLPassbook.zip" namespace="" class="KonyPKPass" frameworks="PassKit.framework" /><mapping platform="ipad" library="KLPassbook.zip" namespace="" class="KonyPKPass" frameworks="PassKit.framework" /></classmappings><constructormethod returntype="Object"><params><param name="path" type="String"/></params><mappings><mapping platform="iphone" method="konyPKPassFromFilePath:" constructor="true" static="true" frameworks="PassKit.framework" ><params><param type="NSString"/></params></mapping><mapping platform="ipad" method="konyPKPassFromFilePath:" constructor="true" static="true" frameworks="PassKit.framework" ><params><param type="NSString"/></params></mapping></mappings></constructormethod><instancemethods><instancemethod name="getPassURL" returntype="String"><params></params><mappings><mapping platform="iphone" static="false" method="passURL" returntype="NSString"  ><params></params></mapping><mapping platform="ipad" static="false" method="passURL" returntype="NSString"  ><params></params></mapping></mappings></instancemethod><instancemethod name="getSerialNumber" returntype="String"><params></params><mappings><mapping platform="iphone" static="false" method="serialNumber" returntype="NSString"  ><params></params></mapping><mapping platform="ipad" static="false" method="serialNumber" returntype="NSString"  ><params></params></mapping></mappings></instancemethod><instancemethod name="getPassTypeIdentifier" returntype="String"><params></params><mappings><mapping platform="iphone" static="false" method="passTypeIdentifier" returntype="NSString"  ><params></params></mapping><mapping platform="ipad" static="false" method="passTypeIdentifier" returntype="NSString"  ><params></params></mapping></mappings></instancemethod><instancemethod name="getAuthenticationToken" returntype="String"><params></params><mappings><mapping platform="iphone" static="false" method="authenticationToken" returntype="NSString"  ><params></params></mapping><mapping platform="ipad" static="false" method="authenticationToken" returntype="NSString"  ><params></params></mapping></mappings></instancemethod><instancemethod name="getLocalizedName" returntype="String"><params></params><mappings><mapping platform="iphone" static="false" method="localizedName" returntype="NSString"  ><params></params></mapping><mapping platform="ipad" static="false" method="localizedName" returntype="NSString"  ><params></params></mapping></mappings></instancemethod><instancemethod name="getLocalizedDescription" returntype="String"><params></params><mappings><mapping platform="iphone" static="false" method="localizedDescription" returntype="NSString"  ><params></params></mapping><mapping platform="ipad" static="false" method="localizedDescription" returntype="NSString"  ><params></params></mapping></mappings></instancemethod><instancemethod name="getOrganizationName" returntype="String"><params></params><mappings><mapping platform="iphone" static="false" method="organizationName" returntype="NSString"  ><params></params></mapping><mapping platform="ipad" static="false" method="organizationName" returntype="NSString"  ><params></params></mapping></mappings></instancemethod><instancemethod name="getUserInfo" returntype="Object"><params></params><mappings><mapping platform="iphone" static="false" method="userInfo" returntype="NSDictionary"  ><params></params></mapping><mapping platform="ipad" static="false" method="userInfo" returntype="NSDictionary"  ><params></params></mapping></mappings></instancemethod><instancemethod name="getLocalizedValueForKeyForDeviceLocale" returntype="Object"><params><param name="key" type="String"/></params><mappings><mapping platform="iphone" static="false" method="localizedValueForKeyForDeviceLocale:" returntype="id"  ><params><param type="NSString"/></params></mapping><mapping platform="ipad" static="false" method="localizedValueForKeyForDeviceLocale:" returntype="id"  ><params><param type="NSString"/></params></mapping></mappings></instancemethod><instancemethod name="getReleventDate" returntype="String"><params></params><mappings><mapping platform="iphone" static="false" method="releventDate" returntype="NSString"  ><params></params></mapping><mapping platform="ipad" static="false" method="releventDate" returntype="NSString"  ><params></params></mapping></mappings></instancemethod><instancemethod name="getWebServiceURL" returntype="String"><params></params><mappings><mapping platform="iphone" static="false" method="webServiceURL" returntype="NSString"  ><params></params></mapping><mapping platform="ipad" static="false" method="webServiceURL" returntype="NSString"  ><params></params></mapping></mappings></instancemethod></instancemethods></jsclass><jsclass name="AddPassesViewController"><classmappings><mapping platform="iphone" library="KLPassbook.zip" namespace="" class="KonyPKAddPassesViewController" frameworks="" /><mapping platform="ipad" library="KLPassbook.zip" namespace="" class="KonyPKAddPassesViewController" frameworks="" /></classmappings><constructormethod returntype="Object"><params><param name="passes" type="Array"/><param name="statusCallback" type="Function"/></params><mappings><mapping platform="iphone" method="initWithPasses:andCallback:" constructor="true" static="false" frameworks="" ><params><param type="NSArray"/><param type="Callback"/></params></mapping><mapping platform="ipad" method="initWithPasses:andCallback:" constructor="true" static="false" frameworks="" ><params><param type="NSArray"/><param type="Callback"/></params></mapping></mappings></constructormethod><instancemethods><instancemethod name="presentAnimated" returntype="void"><params><param name="animated" type="Boolean"/></params><mappings><mapping platform="iphone" static="false" method="presentAnimated:" returntype="void"  ><params><param type="BOOL"/></params></mapping><mapping platform="ipad" static="false" method="presentAnimated:" returntype="void"  ><params><param type="BOOL"/></params></mapping></mappings></instancemethod><instancemethod name="dismissAnimated" returntype="void"><params><param name="animated" type="Boolean"/></params><mappings><mapping platform="iphone" static="false" method="dismissAnimated:" returntype="void"  ><params><param type="BOOL"/></params></mapping><mapping platform="ipad" static="false" method="dismissAnimated:" returntype="void"  ><params><param type="BOOL"/></params></mapping></mappings></instancemethod></instancemethods></jsclass></jsclasses><jsfunctions><jsfunction name="isPassLibraryAvailable" returntype="Boolean"><params></params><mappings><mapping platform="iphone" library="KLPassbook.zip" namespace="" class="KonyPKPassLibrary" static="true" method="isPassLibraryAvailable" returntype="BOOL"  frameworks="PassKit.framework"><params></params></mapping><mapping platform="ipad" library="KLPassbook.zip" namespace="" class="KonyPKPassLibrary" static="true" method="isPassLibraryAvailable" returntype="BOOL"  frameworks="PassKit.framework"><params></params></mapping></mappings></jsfunction></jsfunctions></jsnamespace></application>