<?xml version="1.0" encoding="UTF-8" standalone="yes"?>
<plugins>
    <pluginInfo version-no="6.5.2.GA_v201509231311_r1" plugin-id="com.pat.tool.keditor.KEditorPlugin" plugin-name="Kony Studio"/>
    <pluginInfo version-no="6.5.2.GA_v201508132005" plugin-name="Third Party Jars Plug-in"/>
    <pluginInfo version-no="6.5.2.GA_v201508132005" plugin-id="com.pat.soapui.SoapUIPlugin" plugin-name="Soap UI Plugin"/>
    <pluginInfo version-no="6.5.2.GA_v201508131955" plugin-name="Kony Codegenerator"/>
    <pluginInfo version-no="6.5.2.GA_v201508131958" plugin-id="com.kony.nativecodegen.NativeCodeGenPlugin" plugin-name="Nativecodegen"/>
    <pluginInfo version-no="6.5.2.GA_v201508132005" plugin-name="Kony Studio Licensing"/>
    <pluginInfo version-no="6.5.2.GA_v201508271417" plugin-id="com.kony.cloudmiddleware.Activator" plugin-name="CloudMiddlewarePlugin"/>
    <pluginInfo version-no="6.5.2.GA_v201508271417" plugin-id="com.kony.cloudthirdparty.Activator" plugin-name="CloudThirdPartyPlugin"/>
    <pluginInfo version-no="6.5.2.GA_v201508132158" plugin-id="com.viz.ide.VisualiserIDEPlugin" plugin-name="Visualizer Integration Plugin"/>
    <pluginInfo version-no="6.5.2.GA_v201508132111" plugin-id="com.kony.studio.cloud.StudioCloudPlugin" plugin-name="Kony Studio Cloud Integration"/>
    <pluginInfo version-no="6.5.2.GA_v201508132038" plugin-id="com.kony.studio.sky.SkyPlugin" plugin-name="Sky Data Explorer"/>
    <pluginInfo version-no="6.5.2.GA_v201508132013" plugin-name="Functional Preview Plugin"/>
    <pluginInfo version-no="6.5.2.GA_v201508132100" plugin-id="com.pat.android.Activator" plugin-name="Tablet Android"/>
    <pluginInfo version-no="6.5.2.GA_v201508132100" plugin-id="com.pat.android.Activator" plugin-name="Android"/>
    <pluginInfo version-no="6.5.2.GA_v201508132033" plugin-id="thinclientplugin.Activator" plugin-name="ThinClient"/>
    <pluginInfo version-no="6.5.2.GA_v201508132040" plugin-name="SPA"/>
    <pluginInfo version-no="6.5.2.GA_v201508132127" plugin-name="Desktop Web"/>
    <pluginInfo version-no="6.5.2.GA_v201508271357" plugin-id="com.kony.sync.ide.SyncPlugin" plugin-name="Kony Sync"/>
    <pluginInfo version-no="6.5.2.GA_v201508132026" plugin-id="com.kony.web.Activator" plugin-name="Kony Web Commons"/>
    <pluginInfo version-no="6.5.2.GA_v201509291317_r4" plugin-id="iosplugin.Activator" plugin-name="iOS Plugin"/>
    <pluginInfo version-no="6.5.2.GA_v201508132054" plugin-id="com.kony.mobile.fabric.client.sdk.MBaasSDKPlugin" plugin-name="MobileFabric Client SDK"/>
</plugins>
