<?xml version="1.0" encoding="UTF-8" standalone="yes"?><splashData><landscape_animationDuration>10</landscape_animationDuration><landscape_animation_interruptable>false</landscape_animation_interruptable><landscape_splash_image></landscape_splash_image><landscape_splash_video></landscape_splash_video><launchMode>Portrait</launchMode><portrait_animationDuration>10</portrait_animationDuration><portrait_splash_image>0=,1=splashscreen.png,8=,16=,18=,1000=splashscreen.png,1001=,1002=,31=,32=,45=,22=,23=,24=,35=,44=,36=,37=</portrait_splash_image><portrait_splash_video></portrait_splash_video><potrait_animation_interruptable>false</potrait_animation_interruptable></splashData>