{
    "p2kwiet201735961577_button1180790851141197_onClick_seq0": {
        "id": "p2kwiet201735961577_button1180790851141197_onClick_seq0",
        "type": "ACTION_SEQUENCE",
        "params": [{
            "name": "eventobject",
            "value": "eventobject"
        }],
        "language": "js",
        "actions": [{
            "id": "customcode_onClick_822542017359619916",
            "type": "INVOKE_FUNCTION",
            "sequenceKUID": "addPassSavedFromURL",
            "display": "addPassSavedFromURL",
            "inputparams": []
        }]
    }
}