{
    "p2kwiet201735961577_button1180790851141196_onClick_seq0": {
        "id": "p2kwiet201735961577_button1180790851141196_onClick_seq0",
        "type": "ACTION_SEQUENCE",
        "params": [{
            "name": "eventobject",
            "value": "eventobject"
        }],
        "language": "js",
        "actions": [{
            "id": "customcode_onClick_437402017359618952",
            "type": "INVOKE_FUNCTION",
            "sequenceKUID": "getFile",
            "display": "getFile",
            "inputparams": []
        }]
    }
}