{
    "p2kwiet201735961558_button1048322716301_onClick_seq0": {
        "id": "p2kwiet201735961558_button1048322716301_onClick_seq0",
        "type": "ACTION_SEQUENCE",
        "params": [{
            "name": "eventobject",
            "value": "eventobject"
        }],
        "language": "js",
        "actions": [{
            "id": "customcode_onClick_40702017359611492",
            "type": "INVOKE_FUNCTION",
            "sequenceKUID": "getPassWithIdentifierAndSerialNumber",
            "display": "getPassWithIdentifierAndSerialNumber",
            "inputparams": []
        }]
    }
}