{
    "p2kwiet201735961558_button19708853624283_onClick_seq0": {
        "id": "p2kwiet201735961558_button19708853624283_onClick_seq0",
        "type": "ACTION_SEQUENCE",
        "params": [{
            "name": "eventobject",
            "value": "eventobject"
        }],
        "language": "js",
        "actions": [{
            "id": "customcode_onClick_943582017359612118",
            "type": "INVOKE_FUNCTION",
            "sequenceKUID": "libraryContainsPassAfterDelete",
            "display": "libraryContainsPassAfterDelete",
            "inputparams": []
        }]
    }
}