{
    "p2kwiet201735961577_button19708853624648_onClick_seq0": {
        "id": "p2kwiet201735961577_button19708853624648_onClick_seq0",
        "type": "ACTION_SEQUENCE",
        "params": [{
            "name": "eventobject",
            "value": "eventobject"
        }],
        "language": "js",
        "actions": [{
            "id": "customcode_onClick_996242017359618339",
            "type": "INVOKE_FUNCTION",
            "sequenceKUID": "getLocalizedStringInvalidKey",
            "display": "getLocalizedStringInvalidKey",
            "inputparams": []
        }]
    }
}