{
    "p2kwiet201735961558_button19708853624286_onClick_seq0": {
        "id": "p2kwiet201735961558_button19708853624286_onClick_seq0",
        "type": "ACTION_SEQUENCE",
        "params": [{
            "name": "eventobject",
            "value": "eventobject"
        }],
        "language": "js",
        "actions": [{
            "id": "navigation_onClick_65222017359618217",
            "type": "NAVIGATE_TO_FORM",
            "formId": "frmTwo",
            "formKUID": "p2kwiet201735961577",
            "mappings": {},
            "mappingsOrder": [],
            "parentId": "",
            "enableMappingEditor": true
        }]
    }
}