{
    "p2kwiet201735961577_button19708853624289_onClick_seq0": {
        "id": "p2kwiet201735961577_button19708853624289_onClick_seq0",
        "type": "ACTION_SEQUENCE",
        "params": [{
            "name": "eventobject",
            "value": "eventobject"
        }],
        "language": "js",
        "actions": [{
            "id": "customcode_onClick_372452017359618396",
            "type": "INVOKE_FUNCTION",
            "sequenceKUID": "getPassAttributes",
            "display": "getPassAttributes",
            "inputparams": []
        }]
    }
}