{
    "p2kwiet201735961558_button13899216133_onClick_seq0": {
        "id": "p2kwiet201735961558_button13899216133_onClick_seq0",
        "type": "ACTION_SEQUENCE",
        "params": [{
            "name": "eventobject",
            "value": "eventobject"
        }],
        "language": "js",
        "actions": [{
            "id": "customcode_onClick_29072017359617769",
            "type": "INVOKE_FUNCTION",
            "sequenceKUID": "openPassUsingPassURL",
            "display": "openPassUsingPassURL",
            "inputparams": []
        }]
    }
}