{
    "p2kwiet201735961558_button1048322716296_onClick_seq0": {
        "id": "p2kwiet201735961558_button1048322716296_onClick_seq0",
        "type": "ACTION_SEQUENCE",
        "params": [{
            "name": "eventobject",
            "value": "eventobject"
        }],
        "language": "js",
        "actions": [{
            "id": "customcode_onClick_19642017359613935",
            "type": "INVOKE_FUNCTION",
            "sequenceKUID": "libraryContainsPass",
            "display": "libraryContainsPass",
            "inputparams": []
        }]
    }
}