{
    "p2kwiet201735961577_button13898918224_onClick_seq0": {
        "id": "p2kwiet201735961577_button13898918224_onClick_seq0",
        "type": "ACTION_SEQUENCE",
        "params": [{
            "name": "eventobject",
            "value": "eventobject"
        }],
        "language": "js",
        "actions": [{
            "id": "customcode_onClick_595292017359618038",
            "type": "INVOKE_FUNCTION",
            "sequenceKUID": "showPassesEmptyValues",
            "display": "showPassesEmptyValues",
            "inputparams": []
        }]
    }
}