{
    "p2kwiet201735961577_button1180105658141424_onClick_seq0": {
        "id": "p2kwiet201735961577_button1180105658141424_onClick_seq0",
        "type": "ACTION_SEQUENCE",
        "params": [{
            "name": "eventobject",
            "value": "eventobject"
        }],
        "language": "js",
        "actions": [{
            "id": "customcode_onClick_37272017359613142",
            "type": "INVOKE_FUNCTION",
            "sequenceKUID": "openPassUsingInvalidPassURL",
            "display": "openPassUsingInvalidPassURL",
            "inputparams": []
        }]
    }
}