{
    "p2kwiet201735961577_button1180105658141212_onClick_seq0": {
        "id": "p2kwiet201735961577_button1180105658141212_onClick_seq0",
        "type": "ACTION_SEQUENCE",
        "params": [{
            "name": "eventobject",
            "value": "eventobject"
        }],
        "language": "js",
        "actions": [{
            "id": "customcode_onClick_500142017359616647",
            "type": "INVOKE_FUNCTION",
            "sequenceKUID": "addExistingPassToPassLibraryWithoutAnim",
            "display": "addExistingPassToPassLibraryWithoutAnim",
            "inputparams": []
        }]
    }
}