{
    "p2kwiet201735961577_button2130505781599_onClick_seq0": {
        "id": "p2kwiet201735961577_button2130505781599_onClick_seq0",
        "type": "ACTION_SEQUENCE",
        "params": [{
            "name": "eventobject",
            "value": "eventobject"
        }],
        "language": "js",
        "actions": [{
            "id": "customcode_onClick_462412017359614413",
            "type": "INVOKE_FUNCTION",
            "sequenceKUID": "getLocalizedString",
            "display": "getLocalizedString",
            "inputparams": []
        }]
    }
}