<?xml version="1.0" encoding="UTF-8" standalone="yes"?><javaScriptFFIContainer><namespaces name="com.kony"><jsClasses><constructors/><jsMethods name="getProximityUUIDString"><mappings platformId="1"><nativeMethod className="KLBeacon" frameworks="" library="" name="proximityUUIDString" packageName="" static="false"><versionSpecificLibraries><entry><key>5.0</key></entry><entry><key>6.0</key></entry></versionSpecificLibraries></nativeMethod></mappings><mappings platformId="16"><nativeMethod className="KLBeacon" frameworks="" library="" name="proximityUUIDString" packageName="" static="false"><versionSpecificLibraries><entry><key>5.0</key></entry><entry><key>6.0</key></entry></versionSpecificLibraries></nativeMethod></mappings><returnTypes>String</returnTypes></jsMethods><jsMethods name="getMajor"><mappings platformId="1"><nativeMethod className="KLBeacon" frameworks="" library="" name="major" packageName="" static="false"><returnTypes>NSNumber</returnTypes><versionSpecificLibraries><entry><key>5.0</key></entry><entry><key>6.0</key></entry></versionSpecificLibraries></nativeMethod></mappings><mappings platformId="16"><nativeMethod className="KLBeacon" frameworks="" library="" name="major" packageName="" static="false"><returnTypes>NSNumber</returnTypes><versionSpecificLibraries><entry><key>5.0</key></entry><entry><key>6.0</key></entry></versionSpecificLibraries></nativeMethod></mappings><returnTypes>Number</returnTypes></jsMethods><jsMethods name="getMinor"><mappings platformId="1"><nativeMethod className="KLBeacon" frameworks="" library="" name="minor" packageName="" static="false"><returnTypes>NSNumber</returnTypes><versionSpecificLibraries><entry><key>5.0</key></entry><entry><key>6.0</key></entry></versionSpecificLibraries></nativeMethod></mappings><mappings platformId="16"><nativeMethod className="KLBeacon" frameworks="" library="" name="minor" packageName="" static="false"><returnTypes>NSNumber</returnTypes><versionSpecificLibraries><entry><key>5.0</key></entry><entry><key>6.0</key></entry></versionSpecificLibraries></nativeMethod></mappings><returnTypes>Number</returnTypes></jsMethods><jsMethods name="getProximity"><mappings platformId="1"><nativeMethod className="KLBeacon" frameworks="" library="" name="proximity" packageName="" static="false"><versionSpecificLibraries><entry><key>5.0</key></entry><entry><key>6.0</key></entry></versionSpecificLibraries></nativeMethod></mappings><mappings platformId="16"><nativeMethod className="KLBeacon" frameworks="" library="" name="proximity" packageName="" static="false"><versionSpecificLibraries><entry><key>5.0</key></entry><entry><key>6.0</key></entry></versionSpecificLibraries></nativeMethod></mappings><returnTypes>String</returnTypes></jsMethods><jsMethods name="getAccuracy"><mappings platformId="1"><nativeMethod className="KLBeacon" frameworks="" library="" name="accuracy" packageName="" static="false"><returnTypes>double</returnTypes><versionSpecificLibraries><entry><key>5.0</key></entry><entry><key>6.0</key></entry></versionSpecificLibraries></nativeMethod></mappings><mappings platformId="16"><nativeMethod className="KLBeacon" frameworks="" library="" name="accuracy" packageName="" static="false"><returnTypes>double</returnTypes><versionSpecificLibraries><entry><key>5.0</key></entry><entry><key>6.0</key></entry></versionSpecificLibraries></nativeMethod></mappings><returnTypes>Number</returnTypes></jsMethods><jsMethods name="getrssi"><mappings platformId="1"><nativeMethod className="KLBeacon" frameworks="" library="" name="rssi" packageName="" static="false"><returnTypes>int</returnTypes><versionSpecificLibraries><entry><key>5.0</key></entry><entry><key>6.0</key></entry></versionSpecificLibraries></nativeMethod></mappings><mappings platformId="16"><nativeMethod className="KLBeacon" frameworks="" library="" name="rssi" packageName="" static="false"><returnTypes>int</returnTypes><versionSpecificLibraries><entry><key>5.0</key></entry><entry><key>6.0</key></entry></versionSpecificLibraries></nativeMethod></mappings><returnTypes>Number</returnTypes></jsMethods><mappings platformId="1"><nativeClasses frameworks="" library="KLBeacons.zip" name="KLBeacon" packageName=""><constructors constructor="true" name="init" static="false"/><versionSpecificLibraries><entry><key>5.0</key></entry><entry><key>6.0</key></entry></versionSpecificLibraries></nativeClasses></mappings><mappings platformId="16"><nativeClasses frameworks="" library="KLBeacons.zip" name="KLBeacon" packageName=""><constructors constructor="true" name="init" static="false"/><versionSpecificLibraries><entry><key>5.0</key></entry><entry><key>6.0</key></entry></versionSpecificLibraries></nativeClasses></mappings><name>Beacon</name></jsClasses><jsClasses><constructors><params dataType="Function" name="monitoringCallback"/><params dataType="Function" name="rangingCallback"/><params dataType="Function" name="errorCallback"/></constructors><jsMethods name="getMonitoredRegions"><mappings platformId="1"><nativeMethod className="KLBeaconManager" frameworks="" library="" name="monitoredRegions" packageName="" static="false"><versionSpecificLibraries><entry><key>5.0</key></entry><entry><key>6.0</key></entry></versionSpecificLibraries></nativeMethod></mappings><mappings platformId="16"><nativeMethod className="KLBeaconManager" frameworks="" library="" name="monitoredRegions" packageName="" static="false"><versionSpecificLibraries><entry><key>5.0</key></entry><entry><key>6.0</key></entry></versionSpecificLibraries></nativeMethod></mappings><returnTypes>Array</returnTypes></jsMethods><jsMethods name="getRangedRegions"><mappings platformId="1"><nativeMethod className="KLBeaconManager" frameworks="" library="" name="rangedRegions" packageName="" static="false"><versionSpecificLibraries><entry><key>5.0</key></entry><entry><key>6.0</key></entry></versionSpecificLibraries></nativeMethod></mappings><mappings platformId="16"><nativeMethod className="KLBeaconManager" frameworks="" library="" name="rangedRegions" packageName="" static="false"><versionSpecificLibraries><entry><key>5.0</key></entry><entry><key>6.0</key></entry></versionSpecificLibraries></nativeMethod></mappings><returnTypes>Array</returnTypes></jsMethods><jsMethods name="startMonitoringBeaconRegion"><mappings platformId="1"><nativeMethod className="KLBeaconManager" frameworks="" library="" name="startMonitoringBeaconRegion:" packageName="" static="false"><params dataType="id"/><versionSpecificLibraries><entry><key>5.0</key></entry><entry><key>6.0</key></entry></versionSpecificLibraries></nativeMethod></mappings><mappings platformId="16"><nativeMethod className="KLBeaconManager" frameworks="" library="" name="startMonitoringBeaconRegion:" packageName="" static="false"><params dataType="id"/><versionSpecificLibraries><entry><key>5.0</key></entry><entry><key>6.0</key></entry></versionSpecificLibraries></nativeMethod></mappings><params dataType="Object" name="beaconRegion"/><returnTypes>void</returnTypes></jsMethods><jsMethods name="stopMonitoringBeaconRegion"><mappings platformId="1"><nativeMethod className="KLBeaconManager" frameworks="" library="" name="stopMonitoringBeaconRegion:" packageName="" static="false"><params dataType="id"/><versionSpecificLibraries><entry><key>5.0</key></entry><entry><key>6.0</key></entry></versionSpecificLibraries></nativeMethod></mappings><mappings platformId="16"><nativeMethod className="KLBeaconManager" frameworks="" library="" name="stopMonitoringBeaconRegion:" packageName="" static="false"><params dataType="id"/><versionSpecificLibraries><entry><key>5.0</key></entry><entry><key>6.0</key></entry></versionSpecificLibraries></nativeMethod></mappings><params dataType="Object" name="beaconRegion"/><returnTypes>void</returnTypes></jsMethods><jsMethods name="requestStateForRegion"><mappings platformId="1"><nativeMethod className="KLBeaconManager" frameworks="" library="" name="requestStateForRegion:" packageName="" static="false"><params dataType="id"/><versionSpecificLibraries><entry><key>5.0</key></entry><entry><key>6.0</key></entry></versionSpecificLibraries></nativeMethod></mappings><mappings platformId="16"><nativeMethod className="KLBeaconManager" frameworks="" library="" name="requestStateForRegion:" packageName="" static="false"><params dataType="id"/><versionSpecificLibraries><entry><key>5.0</key></entry><entry><key>6.0</key></entry></versionSpecificLibraries></nativeMethod></mappings><params dataType="Object" name="beaconRegion"/><returnTypes>void</returnTypes></jsMethods><jsMethods name="startRangingBeaconsInRegion"><mappings platformId="1"><nativeMethod className="KLBeaconManager" frameworks="" library="" name="startRangingBeaconsInRegion:" packageName="" static="false"><params dataType="id"/><versionSpecificLibraries><entry><key>5.0</key></entry><entry><key>6.0</key></entry></versionSpecificLibraries></nativeMethod></mappings><mappings platformId="16"><nativeMethod className="KLBeaconManager" frameworks="" library="" name="startRangingBeaconsInRegion:" packageName="" static="false"><params dataType="id"/><versionSpecificLibraries><entry><key>5.0</key></entry><entry><key>6.0</key></entry></versionSpecificLibraries></nativeMethod></mappings><params dataType="Object" name="beaconRegion"/><returnTypes>void</returnTypes></jsMethods><jsMethods name="stopRangingBeaconsInRegion"><mappings platformId="1"><nativeMethod className="KLBeaconManager" frameworks="" library="" name="stopRangingBeaconsInRegion:" packageName="" static="false"><params dataType="id"/><versionSpecificLibraries><entry><key>5.0</key></entry><entry><key>6.0</key></entry></versionSpecificLibraries></nativeMethod></mappings><mappings platformId="16"><nativeMethod className="KLBeaconManager" frameworks="" library="" name="stopRangingBeaconsInRegion:" packageName="" static="false"><params dataType="id"/><versionSpecificLibraries><entry><key>5.0</key></entry><entry><key>6.0</key></entry></versionSpecificLibraries></nativeMethod></mappings><params dataType="Object" name="beaconRegion"/><returnTypes>void</returnTypes></jsMethods><jsMethods name="getMonitoringStartedForRegionCallback"><mappings platformId="1"><nativeMethod className="KLBeaconManager" frameworks="" library="" name="monitoringStartedForRegionCallback" packageName="" static="false"><returnTypes>id</returnTypes><versionSpecificLibraries><entry><key>5.0</key></entry><entry><key>6.0</key></entry></versionSpecificLibraries></nativeMethod></mappings><mappings platformId="16"><nativeMethod className="KLBeaconManager" frameworks="" library="" name="monitoringStartedForRegionCallback" packageName="" static="false"><returnTypes>id</returnTypes><versionSpecificLibraries><entry><key>5.0</key></entry><entry><key>6.0</key></entry></versionSpecificLibraries></nativeMethod></mappings><returnTypes>Object</returnTypes></jsMethods><jsMethods name="setMonitoringStartedForRegionCallback"><mappings platformId="1"><nativeMethod className="KLBeaconManager" frameworks="" library="" name="setMonitoringStartedForRegionCallback:" packageName="" static="false"><params dataType="Callback"/><versionSpecificLibraries><entry><key>5.0</key></entry><entry><key>6.0</key></entry></versionSpecificLibraries></nativeMethod></mappings><mappings platformId="16"><nativeMethod className="KLBeaconManager" frameworks="" library="" name="setMonitoringStartedForRegionCallback:" packageName="" static="false"><params dataType="Callback"/><versionSpecificLibraries><entry><key>5.0</key></entry><entry><key>6.0</key></entry></versionSpecificLibraries></nativeMethod></mappings><params dataType="Function" name="callback"/><returnTypes>void</returnTypes></jsMethods><jsMethods name="getAuthorizationStatusChangedCallback"><mappings platformId="1"><nativeMethod className="KLBeaconManager" frameworks="" library="" name="authorizationStatusChangedCallback" packageName="" static="false"><returnTypes>id</returnTypes><versionSpecificLibraries><entry><key>5.0</key></entry><entry><key>6.0</key></entry></versionSpecificLibraries></nativeMethod></mappings><mappings platformId="16"><nativeMethod className="KLBeaconManager" frameworks="" library="" name="authorizationStatusChangedCallback" packageName="" static="false"><returnTypes>id</returnTypes><versionSpecificLibraries><entry><key>5.0</key></entry><entry><key>6.0</key></entry></versionSpecificLibraries></nativeMethod></mappings><returnTypes>Object</returnTypes></jsMethods><jsMethods name="setAuthorizationStatusChangedCallback"><mappings platformId="1"><nativeMethod className="KLBeaconManager" frameworks="" library="" name="setAuthorizationStatusChangedCallback:" packageName="" static="false"><params dataType="Callback"/><versionSpecificLibraries><entry><key>5.0</key></entry><entry><key>6.0</key></entry></versionSpecificLibraries></nativeMethod></mappings><mappings platformId="16"><nativeMethod className="KLBeaconManager" frameworks="" library="" name="setAuthorizationStatusChangedCallback:" packageName="" static="false"><params dataType="Callback"/><versionSpecificLibraries><entry><key>5.0</key></entry><entry><key>6.0</key></entry></versionSpecificLibraries></nativeMethod></mappings><params dataType="Function" name="callback"/><returnTypes>void</returnTypes></jsMethods><jsMethods name="authorizationStatus"><mappings platformId="1"><nativeMethod className="KLBeaconManager" frameworks="" library="" name="authorizationStatus" packageName="" static="false"><returnTypes>NSString</returnTypes><versionSpecificLibraries><entry><key>5.0</key></entry><entry><key>6.0</key></entry></versionSpecificLibraries></nativeMethod></mappings><mappings platformId="16"><nativeMethod className="KLBeaconManager" frameworks="" library="" name="authorizationStatus" packageName="" static="false"><returnTypes>NSString</returnTypes><versionSpecificLibraries><entry><key>5.0</key></entry><entry><key>6.0</key></entry></versionSpecificLibraries></nativeMethod></mappings><returnTypes>String</returnTypes></jsMethods><jsMethods name="isMonitoringAvailableForBeaconRegions"><mappings platformId="1"><nativeMethod className="KLBeaconManager" frameworks="" library="" name="isMonitoringAvailableForBeaconRegions" packageName="" static="false"><versionSpecificLibraries><entry><key>5.0</key></entry><entry><key>6.0</key></entry></versionSpecificLibraries></nativeMethod></mappings><mappings platformId="16"><nativeMethod className="KLBeaconManager" frameworks="" library="" name="isMonitoringAvailableForBeaconRegions" packageName="" static="false"><versionSpecificLibraries><entry><key>5.0</key></entry><entry><key>6.0</key></entry></versionSpecificLibraries></nativeMethod></mappings><returnTypes>Boolean</returnTypes></jsMethods><jsMethods name="isRangingAvailableForBeaconRegions"><mappings platformId="1"><nativeMethod className="KLBeaconManager" frameworks="" library="" name="isRangingAvailableForBeaconRegions" packageName="" static="false"><versionSpecificLibraries><entry><key>5.0</key></entry><entry><key>6.0</key></entry></versionSpecificLibraries></nativeMethod></mappings><mappings platformId="16"><nativeMethod className="KLBeaconManager" frameworks="" library="" name="isRangingAvailableForBeaconRegions" packageName="" static="false"><versionSpecificLibraries><entry><key>5.0</key></entry><entry><key>6.0</key></entry></versionSpecificLibraries></nativeMethod></mappings><returnTypes>Boolean</returnTypes></jsMethods><mappings platformId="1"><nativeClasses frameworks="CoreLocation.framework,CoreBluetooth.framework" library="KLBeacons.zip" name="KLBeaconManager" packageName=""><constructors constructor="true" name="initWithMonitoringCallback:rangingCallback:andErrorCallback:" static="false"><params dataType="Callback"/><params dataType="Callback"/><params dataType="Callback"/></constructors><versionSpecificLibraries><entry><key>5.0</key></entry><entry><key>6.0</key></entry></versionSpecificLibraries></nativeClasses></mappings><mappings platformId="16"><nativeClasses frameworks="CoreLocation.framework,CoreBluetooth.framework" library="KLBeacons.zip" name="KLBeaconManager" packageName=""><constructors constructor="true" name="initWithMonitoringCallback:rangingCallback:andErrorCallback:" static="false"><params dataType="Callback"/><params dataType="Callback"/><params dataType="Callback"/></constructors><versionSpecificLibraries><entry><key>5.0</key></entry><entry><key>6.0</key></entry></versionSpecificLibraries></nativeClasses></mappings><name>BeaconManager</name></jsClasses><jsClasses><constructors><params dataType="String" name="proximityUUID"/><params dataType="Number" name="major"/><params dataType="Number" name="minor"/><params dataType="String" name="identifier"/></constructors><jsMethods name="getProximityUUIDString"><mappings platformId="1"><nativeMethod className="KLBeaconRegion" frameworks="" library="" name="proximityUUIDString" packageName="" static="false"><versionSpecificLibraries><entry><key>5.0</key></entry><entry><key>6.0</key></entry></versionSpecificLibraries></nativeMethod></mappings><mappings platformId="16"><nativeMethod className="KLBeaconRegion" frameworks="" library="" name="proximityUUIDString" packageName="" static="false"><versionSpecificLibraries><entry><key>5.0</key></entry><entry><key>6.0</key></entry></versionSpecificLibraries></nativeMethod></mappings><returnTypes>String</returnTypes></jsMethods><jsMethods name="getMajor"><mappings platformId="1"><nativeMethod className="KLBeaconRegion" frameworks="" library="" name="major" packageName="" static="false"><returnTypes>NSNumber</returnTypes><versionSpecificLibraries><entry><key>5.0</key></entry><entry><key>6.0</key></entry></versionSpecificLibraries></nativeMethod></mappings><mappings platformId="16"><nativeMethod className="KLBeaconRegion" frameworks="" library="" name="major" packageName="" static="false"><returnTypes>NSNumber</returnTypes><versionSpecificLibraries><entry><key>5.0</key></entry><entry><key>6.0</key></entry></versionSpecificLibraries></nativeMethod></mappings><returnTypes>Number</returnTypes></jsMethods><jsMethods name="getMinor"><mappings platformId="1"><nativeMethod className="KLBeaconRegion" frameworks="" library="" name="minor" packageName="" static="false"><returnTypes>NSNumber</returnTypes><versionSpecificLibraries><entry><key>5.0</key></entry><entry><key>6.0</key></entry></versionSpecificLibraries></nativeMethod></mappings><mappings platformId="16"><nativeMethod className="KLBeaconRegion" frameworks="" library="" name="minor" packageName="" static="false"><returnTypes>NSNumber</returnTypes><versionSpecificLibraries><entry><key>5.0</key></entry><entry><key>6.0</key></entry></versionSpecificLibraries></nativeMethod></mappings><returnTypes>Number</returnTypes></jsMethods><jsMethods name="getNotifyEntryStateOnDisplay"><mappings platformId="1"><nativeMethod className="KLBeaconRegion" frameworks="" library="" name="notifyEntryStateOnDisplay" packageName="" static="false"><versionSpecificLibraries><entry><key>5.0</key></entry><entry><key>6.0</key></entry></versionSpecificLibraries></nativeMethod></mappings><mappings platformId="16"><nativeMethod className="KLBeaconRegion" frameworks="" library="" name="notifyEntryStateOnDisplay" packageName="" static="false"><versionSpecificLibraries><entry><key>5.0</key></entry><entry><key>6.0</key></entry></versionSpecificLibraries></nativeMethod></mappings><returnTypes>Boolean</returnTypes></jsMethods><jsMethods name="setNotifyEntryStateOnDisplay"><mappings platformId="1"><nativeMethod className="KLBeaconRegion" frameworks="" library="" name="setNotifyEntryStateOnDisplay:" packageName="" static="false"><params dataType="BOOL"/><versionSpecificLibraries><entry><key>5.0</key></entry><entry><key>6.0</key></entry></versionSpecificLibraries></nativeMethod></mappings><mappings platformId="16"><nativeMethod className="KLBeaconRegion" frameworks="" library="" name="setNotifyEntryStateOnDisplay:" packageName="" static="false"><params dataType="BOOL"/><versionSpecificLibraries><entry><key>5.0</key></entry><entry><key>6.0</key></entry></versionSpecificLibraries></nativeMethod></mappings><params dataType="Boolean" name="state"/><returnTypes>void</returnTypes></jsMethods><jsMethods name="getIdentifier"><mappings platformId="1"><nativeMethod className="KLBeaconRegion" frameworks="" library="" name="identifier" packageName="" static="false"><versionSpecificLibraries><entry><key>5.0</key></entry><entry><key>6.0</key></entry></versionSpecificLibraries></nativeMethod></mappings><mappings platformId="16"><nativeMethod className="KLBeaconRegion" frameworks="" library="" name="identifier" packageName="" static="false"><versionSpecificLibraries><entry><key>5.0</key></entry><entry><key>6.0</key></entry></versionSpecificLibraries></nativeMethod></mappings><returnTypes>String</returnTypes></jsMethods><mappings platformId="1"><nativeClasses frameworks="" library="KLBeacons.zip" name="KLBeaconRegion" packageName=""><constructors constructor="true" name="beaconRegionWithProximityUUID:major:minor:identifier:" static="true"><params dataType="NSString"/><params dataType="NSNumber"/><params dataType="NSNumber"/><params dataType="NSString"/></constructors><versionSpecificLibraries><entry><key>5.0</key></entry><entry><key>6.0</key></entry></versionSpecificLibraries></nativeClasses></mappings><mappings platformId="16"><nativeClasses frameworks="" library="KLBeacons.zip" name="KLBeaconRegion" packageName=""><constructors constructor="true" name="beaconRegionWithProximityUUID:major:minor:identifier:" static="true"><params dataType="NSString"/><params dataType="NSNumber"/><params dataType="NSNumber"/><params dataType="NSString"/></constructors><versionSpecificLibraries><entry><key>5.0</key></entry><entry><key>6.0</key></entry></versionSpecificLibraries></nativeClasses></mappings><name>BeaconRegion</name></jsClasses><jsClasses><constructors><params dataType="Function" name="stateUpdatedCallback"/><params dataType="Function" name="advertisingStatusCallback"/></constructors><jsMethods name="startAdvertisingWithMeasuredPower"><mappings platformId="1"><nativeMethod className="KLPeripheralManager" frameworks="" library="" name="startAdvertising:withMeasuredPower:" packageName="" static="false"><params dataType="id"/><params dataType="NSNumber"/><versionSpecificLibraries><entry><key>5.0</key></entry><entry><key>6.0</key></entry></versionSpecificLibraries></nativeMethod></mappings><mappings platformId="16"><nativeMethod className="KLPeripheralManager" frameworks="" library="" name="startAdvertising:withMeasuredPower:" packageName="" static="false"><params dataType="id"/><params dataType="NSNumber"/><versionSpecificLibraries><entry><key>5.0</key></entry><entry><key>6.0</key></entry></versionSpecificLibraries></nativeMethod></mappings><params dataType="Object" name="beaconRegion"/><params dataType="Number" name="measuredPower"/><returnTypes>void</returnTypes></jsMethods><jsMethods name="stopAdvertising"><mappings platformId="1"><nativeMethod className="KLPeripheralManager" frameworks="" library="" name="stopAdvertising" packageName="" static="false"><versionSpecificLibraries><entry><key>5.0</key></entry><entry><key>6.0</key></entry></versionSpecificLibraries></nativeMethod></mappings><mappings platformId="16"><nativeMethod className="KLPeripheralManager" frameworks="" library="" name="stopAdvertising" packageName="" static="false"><versionSpecificLibraries><entry><key>5.0</key></entry><entry><key>6.0</key></entry></versionSpecificLibraries></nativeMethod></mappings><returnTypes>void</returnTypes></jsMethods><jsMethods name="isAdvertising"><mappings platformId="1"><nativeMethod className="KLPeripheralManager" frameworks="" library="" name="isAdvertising" packageName="" static="false"><versionSpecificLibraries><entry><key>5.0</key></entry><entry><key>6.0</key></entry></versionSpecificLibraries></nativeMethod></mappings><mappings platformId="16"><nativeMethod className="KLPeripheralManager" frameworks="" library="" name="isAdvertising" packageName="" static="false"><versionSpecificLibraries><entry><key>5.0</key></entry><entry><key>6.0</key></entry></versionSpecificLibraries></nativeMethod></mappings><returnTypes>Boolean</returnTypes></jsMethods><jsMethods name="authorizationStatus"><mappings platformId="1"><nativeMethod className="KLPeripheralManager" frameworks="" library="" name="authorizationStatus" packageName="" static="false"><returnTypes>NSString</returnTypes><versionSpecificLibraries><entry><key>5.0</key></entry><entry><key>6.0</key></entry></versionSpecificLibraries></nativeMethod></mappings><mappings platformId="16"><nativeMethod className="KLPeripheralManager" frameworks="" library="" name="authorizationStatus" packageName="" static="false"><returnTypes>NSString</returnTypes><versionSpecificLibraries><entry><key>5.0</key></entry><entry><key>6.0</key></entry></versionSpecificLibraries></nativeMethod></mappings><returnTypes>String</returnTypes></jsMethods><mappings platformId="1"><nativeClasses frameworks="" library="KLBeacons.zip" name="KLPeripheralManager" packageName=""><constructors constructor="true" name="initWithStateUpdatedCallback:andAdvertisingStatusCallback:" static="false"><params dataType="Callback"/><params dataType="Callback"/></constructors><versionSpecificLibraries><entry><key>5.0</key></entry><entry><key>6.0</key></entry></versionSpecificLibraries></nativeClasses></mappings><mappings platformId="16"><nativeClasses frameworks="" library="KLBeacons.zip" name="KLPeripheralManager" packageName=""><constructors constructor="true" name="initWithStateUpdatedCallback:andAdvertisingStatusCallback:" static="false"><params dataType="Callback"/><params dataType="Callback"/></constructors><versionSpecificLibraries><entry><key>5.0</key></entry><entry><key>6.0</key></entry></versionSpecificLibraries></nativeClasses></mappings><name>PeripheralManager</name></jsClasses></namespaces></javaScriptFFIContainer>