<?xml version="1.0" encoding="UTF-8" standalone="yes"?>
<plugins>
    <pluginInfo version-no="6.5.2.GA_v201605182027_r16" plugin-id="com.pat.tool.keditor.KEditorPlugin" plugin-name="Kony Studio"/>
    <pluginInfo version-no="6.5.2.GA_v201512291313_r2" plugin-name="Third Party Jars Plug-in"/>
    <pluginInfo version-no="6.5.2.GA_v201512291313_r2" plugin-id="com.pat.soapui.SoapUIPlugin" plugin-name="Soap UI Plugin"/>
    <pluginInfo version-no="6.5.2.GA_v201605111656_r4" plugin-name="Kony Codegenerator"/>
    <pluginInfo version-no="6.5.2.GA_v201508131958" plugin-id="com.kony.nativecodegen.NativeCodeGenPlugin" plugin-name="Nativecodegen"/>
    <pluginInfo version-no="6.5.2.GA_v201512291313_r2" plugin-name="Kony Studio Licensing"/>
    <pluginInfo version-no="6.5.2.GA_v201604281116_r9" plugin-id="com.kony.cloudmiddleware.Activator" plugin-name="CloudMiddlewarePlugin"/>
    <pluginInfo version-no="6.5.2.GA_v201604281116_r9" plugin-id="com.kony.cloudthirdparty.Activator" plugin-name="CloudThirdPartyPlugin"/>
    <pluginInfo version-no="6.5.2.GA_v201511201758_r5" plugin-id="com.viz.ide.VisualiserIDEPlugin" plugin-name="Visualizer Integration Plugin"/>
    <pluginInfo version-no="6.5.2.GA_v201508132111" plugin-id="com.kony.studio.cloud.StudioCloudPlugin" plugin-name="Kony Studio Cloud Integration"/>
    <pluginInfo version-no="6.5.0.GA_v201507071527" plugin-id="com.kony.studio.sky.SkyPlugin" plugin-name="Sky Data Explorer"/>
    <pluginInfo version-no="6.5.0.GA_v201507071752" plugin-name="Functional Preview Plugin"/>
    <pluginInfo version-no="6.5.3.GA_v201606091042_r9" plugin-id="com.pat.android.Activator" plugin-name="Tablet Android"/>
    <pluginInfo version-no="6.5.3.GA_v201606091042_r9" plugin-id="com.pat.android.Activator" plugin-name="Android"/>
    <pluginInfo version-no="6.5.2.GA_v201512031120_r1" plugin-id="thinclientplugin.Activator" plugin-name="ThinClient"/>
    <pluginInfo version-no="6.5.2.GA_v201606231316_r16" plugin-name="SPA"/>
    <pluginInfo version-no="6.5.2.GA_v201605311706_r9" plugin-name="Desktop Web"/>
    <pluginInfo version-no="6.5.2.GA_v201606041703_r9" plugin-id="com.kony.sync.ide.SyncPlugin" plugin-name="Kony Sync"/>
    <pluginInfo version-no="6.5.0.GA_v201507071616" plugin-id="com.kony.web.Activator" plugin-name="Kony Web Commons"/>
    <pluginInfo version-no="6.5.3.GA_v201606211619_r10" plugin-id="iosplugin.Activator" plugin-name="iOS Plugin"/>
    <pluginInfo version-no="6.5.2.GA_v201606011445_r7" plugin-id="com.kony.mobile.fabric.client.sdk.MBaasSDKPlugin" plugin-name="MobileFabric Client SDK"/>
</plugins>
