<?xml version="1.0" encoding="UTF-8"?>
<section name="targetfiltersettings.xml">
	<item value="true" key="spaipad"/>
	<item value="true" key="mixedBB"/>
	<item value="true" key="spaiphone"/>
	<item value="true" key="mixedIphone"/>
	<item value="true" key="mixedAndroidTab"/>
	<item value="true" key="android"/>
	<item value="true" key="spaandroid"/>
	<item value="true" key="ipad"/>
	<item value="true" key="desktopweb"/>
	<item value="true" key="wrapperBB"/>
	<item value="true" key="xhtmladvandroid"/>
	<item value="true" key="spaandroidtablet"/>
	<item value="true" key="mixedAndroid"/>
	<item value="true" key="tabrcandroid"/>
	<item value="true" key="wrapperIphone"/>
	<item value="true" key="wrapperAndroid"/>
	<item value="true" key="spawinphone8"/>
	<item value="true" key="iphoneiui"/>
	<item value="true" key="spawindows"/>
	<item value="true" key="symbian"/>
	<item value="true" key="j2me"/>
	<item value="true" key="wrapperAndroidTab"/>
	<item value="true" key="mixedIpad"/>
	<item value="true" key="windows8"/>
	<item value="true" key="windowmobil"/>
	<item value="true" key="xhtmladvnth"/>
	<item value="true" key="desktop_kiosk"/>
	<item value="true" key="xhtmladvpalm"/>
	<item value="true" key="iphone"/>
	<item value="true" key="blackberry"/>
	<item value="true" key="palm"/>
	<item value="true" key="xhtmladviphone"/>
	<item value="true" key="spabb"/>
	<item value="true" key="windowmobil65"/>
	<item value="true" key="wrapperIpad"/>
	<item value="true" key="windowphone8"/>
	<item value="true" key="spatabwindows"/>
	<item value="true" key="spabbnth"/>
	<item value="true" key="xhtmladvbb"/>
	<item value="true" key="xhtmlnormal"/>
	<item value="true" key="blackberry10"/>
</section>
