<?xml version="1.0" encoding="UTF-8" standalone="yes"?><javaScriptFFIContainer><namespaces name="com.kony"><jsClasses><constructors/><jsMethods name="getPasses"><mappings platformId="1"><nativeMethod className="KonyPKPassLibrary" frameworks="" library="" name="passes" packageName="" static="false"><versionSpecificLibraries><entry><key>5.0</key></entry><entry><key>6.0</key></entry></versionSpecificLibraries></nativeMethod></mappings><mappings platformId="16"><nativeMethod className="KonyPKPassLibrary" frameworks="" library="" name="passes" packageName="" static="false"><versionSpecificLibraries><entry><key>5.0</key></entry><entry><key>6.0</key></entry></versionSpecificLibraries></nativeMethod></mappings><returnTypes>Array</returnTypes></jsMethods><jsMethods name="getPassWithTypeIdentifierAndSerialNumber"><mappings platformId="1"><nativeMethod className="KonyPKPassLibrary" frameworks="" library="" name="passWithPassTypeIdentifier: andSerialNumber:" packageName="" static="false"><params dataType="NSString"/><params dataType="NSString"/><returnTypes>id</returnTypes><versionSpecificLibraries><entry><key>5.0</key></entry><entry><key>6.0</key></entry></versionSpecificLibraries></nativeMethod></mappings><mappings platformId="16"><nativeMethod className="KonyPKPassLibrary" frameworks="" library="" name="passWithPassTypeIdentifier: andSerialNumber:" packageName="" static="false"><params dataType="NSString"/><params dataType="NSString"/><returnTypes>id</returnTypes><versionSpecificLibraries><entry><key>5.0</key></entry><entry><key>6.0</key></entry></versionSpecificLibraries></nativeMethod></mappings><params dataType="String" name="identifier"/><params dataType="String" name="serialNumber"/><returnTypes>Object</returnTypes></jsMethods><jsMethods name="addPassWithCompletionCallback"><mappings platformId="1"><nativeMethod className="KonyPKPassLibrary" frameworks="" library="" name="addPass:withCompletionCallback:" packageName="" static="false"><params dataType="id"/><params dataType="Callback"/><returnTypes>void</returnTypes><versionSpecificLibraries><entry><key>5.0</key></entry><entry><key>6.0</key></entry></versionSpecificLibraries></nativeMethod></mappings><mappings platformId="16"><nativeMethod className="KonyPKPassLibrary" frameworks="" library="" name="addPass:withCompletionCallback:" packageName="" static="false"><params dataType="id"/><params dataType="Callback"/><returnTypes>void</returnTypes><versionSpecificLibraries><entry><key>5.0</key></entry><entry><key>6.0</key></entry></versionSpecificLibraries></nativeMethod></mappings><params dataType="Object" name="pass"/><params dataType="Function" name="completionCallback"/><returnTypes>void</returnTypes></jsMethods><jsMethods name="addPassesWithCompletionCallback"><mappings platformId="1"><nativeMethod className="KonyPKPassLibrary" frameworks="" library="" name="addPasses:withCompletionCallback:" packageName="" static="false"><params dataType="NSArray"/><params dataType="Callback"/><versionSpecificLibraries><entry><key>5.0</key></entry><entry><key>6.0</key></entry></versionSpecificLibraries></nativeMethod></mappings><mappings platformId="16"><nativeMethod className="KonyPKPassLibrary" frameworks="" library="" name="addPasses:withCompletionCallback:" packageName="" static="false"><params dataType="NSArray"/><params dataType="Callback"/><versionSpecificLibraries><entry><key>5.0</key></entry><entry><key>6.0</key></entry></versionSpecificLibraries></nativeMethod></mappings><params dataType="Array" name="passes"/><params dataType="Function" name="completionCallback"/><returnTypes>void</returnTypes></jsMethods><jsMethods name="removePass"><mappings platformId="1"><nativeMethod className="KonyPKPassLibrary" frameworks="" library="" name="removePass:" packageName="" static="false"><params dataType="id"/><versionSpecificLibraries><entry><key>5.0</key></entry><entry><key>6.0</key></entry></versionSpecificLibraries></nativeMethod></mappings><mappings platformId="16"><nativeMethod className="KonyPKPassLibrary" frameworks="" library="" name="removePass:" packageName="" static="false"><params dataType="id"/><versionSpecificLibraries><entry><key>5.0</key></entry><entry><key>6.0</key></entry></versionSpecificLibraries></nativeMethod></mappings><params dataType="Object" name="pass"/><returnTypes>void</returnTypes></jsMethods><jsMethods name="replacePassWithPass"><mappings platformId="1"><nativeMethod className="KonyPKPassLibrary" frameworks="" library="" name="replacePassWithPass:" packageName="" static="false"><params dataType="id"/><versionSpecificLibraries><entry><key>5.0</key></entry><entry><key>6.0</key></entry></versionSpecificLibraries></nativeMethod></mappings><mappings platformId="16"><nativeMethod className="KonyPKPassLibrary" frameworks="" library="" name="replacePassWithPass:" packageName="" static="false"><params dataType="id"/><versionSpecificLibraries><entry><key>5.0</key></entry><entry><key>6.0</key></entry></versionSpecificLibraries></nativeMethod></mappings><params dataType="Object" name="pass"/><returnTypes>Boolean</returnTypes></jsMethods><jsMethods name="containsPass"><mappings platformId="1"><nativeMethod className="KonyPKPassLibrary" frameworks="" library="" name="containsPass:" packageName="" static="false"><params dataType="id"/><versionSpecificLibraries><entry><key>5.0</key></entry><entry><key>6.0</key></entry></versionSpecificLibraries></nativeMethod></mappings><mappings platformId="16"><nativeMethod className="KonyPKPassLibrary" frameworks="" library="" name="containsPass:" packageName="" static="false"><params dataType="id"/><versionSpecificLibraries><entry><key>5.0</key></entry><entry><key>6.0</key></entry></versionSpecificLibraries></nativeMethod></mappings><params dataType="Object" name="pass"/><returnTypes>Boolean</returnTypes></jsMethods><mappings platformId="1"><nativeClasses frameworks="PassKit.framework" library="KLPassbook.zip" name="KonyPKPassLibrary" packageName=""><constructors constructor="true" name="init" static="false"/><versionSpecificLibraries><entry><key>5.0</key></entry><entry><key>6.0</key></entry></versionSpecificLibraries></nativeClasses></mappings><mappings platformId="16"><nativeClasses frameworks="PassKit.framework" library="KLPassbook.zip" name="KonyPKPassLibrary" packageName=""><constructors constructor="true" name="init" static="false"/><versionSpecificLibraries><entry><key>5.0</key></entry><entry><key>6.0</key></entry></versionSpecificLibraries></nativeClasses></mappings><name>PassLibrary</name></jsClasses><jsClasses><constructors><params dataType="String" name="path"/></constructors><jsMethods name="getPassURL"><mappings platformId="1"><nativeMethod className="KonyPKPass" frameworks="" library="" name="passURL" packageName="" static="false"><versionSpecificLibraries><entry><key>5.0</key></entry><entry><key>6.0</key></entry></versionSpecificLibraries></nativeMethod></mappings><mappings platformId="16"><nativeMethod className="KonyPKPass" frameworks="" library="" name="passURL" packageName="" static="false"><versionSpecificLibraries><entry><key>5.0</key></entry><entry><key>6.0</key></entry></versionSpecificLibraries></nativeMethod></mappings><returnTypes>String</returnTypes></jsMethods><jsMethods name="getSerialNumber"><mappings platformId="1"><nativeMethod className="KonyPKPass" frameworks="" library="" name="serialNumber" packageName="" static="false"><versionSpecificLibraries><entry><key>5.0</key></entry><entry><key>6.0</key></entry></versionSpecificLibraries></nativeMethod></mappings><mappings platformId="16"><nativeMethod className="KonyPKPass" frameworks="" library="" name="serialNumber" packageName="" static="false"><versionSpecificLibraries><entry><key>5.0</key></entry><entry><key>6.0</key></entry></versionSpecificLibraries></nativeMethod></mappings><returnTypes>String</returnTypes></jsMethods><jsMethods name="getPassTypeIdentifier"><mappings platformId="1"><nativeMethod className="KonyPKPass" frameworks="" library="" name="passTypeIdentifier" packageName="" static="false"><versionSpecificLibraries><entry><key>5.0</key></entry><entry><key>6.0</key></entry></versionSpecificLibraries></nativeMethod></mappings><mappings platformId="16"><nativeMethod className="KonyPKPass" frameworks="" library="" name="passTypeIdentifier" packageName="" static="false"><versionSpecificLibraries><entry><key>5.0</key></entry><entry><key>6.0</key></entry></versionSpecificLibraries></nativeMethod></mappings><returnTypes>String</returnTypes></jsMethods><jsMethods name="getAuthenticationToken"><mappings platformId="1"><nativeMethod className="KonyPKPass" frameworks="" library="" name="authenticationToken" packageName="" static="false"><versionSpecificLibraries><entry><key>5.0</key></entry><entry><key>6.0</key></entry></versionSpecificLibraries></nativeMethod></mappings><mappings platformId="16"><nativeMethod className="KonyPKPass" frameworks="" library="" name="authenticationToken" packageName="" static="false"><versionSpecificLibraries><entry><key>5.0</key></entry><entry><key>6.0</key></entry></versionSpecificLibraries></nativeMethod></mappings><returnTypes>String</returnTypes></jsMethods><jsMethods name="getLocalizedName"><mappings platformId="1"><nativeMethod className="KonyPKPass" frameworks="" library="" name="localizedName" packageName="" static="false"><versionSpecificLibraries><entry><key>5.0</key></entry><entry><key>6.0</key></entry></versionSpecificLibraries></nativeMethod></mappings><mappings platformId="16"><nativeMethod className="KonyPKPass" frameworks="" library="" name="localizedName" packageName="" static="false"><versionSpecificLibraries><entry><key>5.0</key></entry><entry><key>6.0</key></entry></versionSpecificLibraries></nativeMethod></mappings><returnTypes>String</returnTypes></jsMethods><jsMethods name="getLocalizedDescription"><mappings platformId="1"><nativeMethod className="KonyPKPass" frameworks="" library="" name="localizedDescription" packageName="" static="false"><versionSpecificLibraries><entry><key>5.0</key></entry><entry><key>6.0</key></entry></versionSpecificLibraries></nativeMethod></mappings><mappings platformId="16"><nativeMethod className="KonyPKPass" frameworks="" library="" name="localizedDescription" packageName="" static="false"><versionSpecificLibraries><entry><key>5.0</key></entry><entry><key>6.0</key></entry></versionSpecificLibraries></nativeMethod></mappings><returnTypes>String</returnTypes></jsMethods><jsMethods name="getOrganizationName"><mappings platformId="1"><nativeMethod className="KonyPKPass" frameworks="" library="" name="organizationName" packageName="" static="false"><versionSpecificLibraries><entry><key>5.0</key></entry><entry><key>6.0</key></entry></versionSpecificLibraries></nativeMethod></mappings><mappings platformId="16"><nativeMethod className="KonyPKPass" frameworks="" library="" name="organizationName" packageName="" static="false"><versionSpecificLibraries><entry><key>5.0</key></entry><entry><key>6.0</key></entry></versionSpecificLibraries></nativeMethod></mappings><returnTypes>String</returnTypes></jsMethods><jsMethods name="getUserInfo"><mappings platformId="1"><nativeMethod className="KonyPKPass" frameworks="" library="" name="userInfo" packageName="" static="false"><versionSpecificLibraries><entry><key>5.0</key></entry><entry><key>6.0</key></entry></versionSpecificLibraries></nativeMethod></mappings><mappings platformId="16"><nativeMethod className="KonyPKPass" frameworks="" library="" name="userInfo" packageName="" static="false"><versionSpecificLibraries><entry><key>5.0</key></entry><entry><key>6.0</key></entry></versionSpecificLibraries></nativeMethod></mappings><returnTypes>Object</returnTypes></jsMethods><jsMethods name="getLocalizedValueForKeyForDeviceLocale"><mappings platformId="1"><nativeMethod className="KonyPKPass" frameworks="" library="" name="localizedValueForKeyForDeviceLocale:" packageName="" static="false"><params dataType="NSString"/><returnTypes>id</returnTypes><versionSpecificLibraries><entry><key>5.0</key></entry><entry><key>6.0</key></entry></versionSpecificLibraries></nativeMethod></mappings><mappings platformId="16"><nativeMethod className="KonyPKPass" frameworks="" library="" name="localizedValueForKeyForDeviceLocale:" packageName="" static="false"><params dataType="NSString"/><returnTypes>id</returnTypes><versionSpecificLibraries><entry><key>5.0</key></entry><entry><key>6.0</key></entry></versionSpecificLibraries></nativeMethod></mappings><params dataType="String" name="key"/><returnTypes>Object</returnTypes></jsMethods><jsMethods name="getReleventDate"><mappings platformId="1"><nativeMethod className="KonyPKPass" frameworks="" library="" name="releventDate" packageName="" static="false"><versionSpecificLibraries><entry><key>5.0</key></entry><entry><key>6.0</key></entry></versionSpecificLibraries></nativeMethod></mappings><mappings platformId="16"><nativeMethod className="KonyPKPass" frameworks="" library="" name="releventDate" packageName="" static="false"><versionSpecificLibraries><entry><key>5.0</key></entry><entry><key>6.0</key></entry></versionSpecificLibraries></nativeMethod></mappings><returnTypes>String</returnTypes></jsMethods><jsMethods name="getWebServiceURL"><mappings platformId="1"><nativeMethod className="KonyPKPass" frameworks="" library="" name="webServiceURL" packageName="" static="false"><versionSpecificLibraries><entry><key>5.0</key></entry><entry><key>6.0</key></entry></versionSpecificLibraries></nativeMethod></mappings><mappings platformId="16"><nativeMethod className="KonyPKPass" frameworks="" library="" name="webServiceURL" packageName="" static="false"><versionSpecificLibraries><entry><key>5.0</key></entry><entry><key>6.0</key></entry></versionSpecificLibraries></nativeMethod></mappings><returnTypes>String</returnTypes></jsMethods><mappings platformId="1"><nativeClasses frameworks="PassKit.framework" library="KLPassbook.zip" name="KonyPKPass" packageName=""><constructors constructor="true" name="konyPKPassFromFilePath:" static="true"><params dataType="NSString"/></constructors><versionSpecificLibraries><entry><key>5.0</key></entry><entry><key>6.0</key></entry></versionSpecificLibraries></nativeClasses></mappings><mappings platformId="16"><nativeClasses frameworks="PassKit.framework" library="KLPassbook.zip" name="KonyPKPass" packageName=""><constructors constructor="true" name="konyPKPassFromFilePath:" static="true"><params dataType="NSString"/></constructors><versionSpecificLibraries><entry><key>5.0</key></entry><entry><key>6.0</key></entry></versionSpecificLibraries></nativeClasses></mappings><name>Pass</name></jsClasses><jsClasses><constructors><params dataType="Array" name="passes"/><params dataType="Function" name="statusCallback"/></constructors><jsMethods name="presentAnimated"><mappings platformId="1"><nativeMethod className="KonyPKAddPassesViewController" frameworks="" library="" name="presentAnimated:" packageName="" static="false"><params dataType="BOOL"/><versionSpecificLibraries><entry><key>5.0</key></entry><entry><key>6.0</key></entry></versionSpecificLibraries></nativeMethod></mappings><mappings platformId="16"><nativeMethod className="KonyPKAddPassesViewController" frameworks="" library="" name="presentAnimated:" packageName="" static="false"><params dataType="BOOL"/><versionSpecificLibraries><entry><key>5.0</key></entry><entry><key>6.0</key></entry></versionSpecificLibraries></nativeMethod></mappings><params dataType="Boolean" name="animated"/><returnTypes>void</returnTypes></jsMethods><jsMethods name="dismissAnimated"><mappings platformId="1"><nativeMethod className="KonyPKAddPassesViewController" frameworks="" library="" name="dismissAnimated:" packageName="" static="false"><params dataType="BOOL"/><versionSpecificLibraries><entry><key>5.0</key></entry><entry><key>6.0</key></entry></versionSpecificLibraries></nativeMethod></mappings><mappings platformId="16"><nativeMethod className="KonyPKAddPassesViewController" frameworks="" library="" name="dismissAnimated:" packageName="" static="false"><params dataType="BOOL"/><versionSpecificLibraries><entry><key>5.0</key></entry><entry><key>6.0</key></entry></versionSpecificLibraries></nativeMethod></mappings><params dataType="Boolean" name="animated"/><returnTypes>void</returnTypes></jsMethods><mappings platformId="1"><nativeClasses frameworks="" library="KLPassbook.zip" name="KonyPKAddPassesViewController" packageName=""><constructors constructor="true" name="initWithPasses:andCallback:" static="false"><params dataType="NSArray"/><params dataType="Callback"/></constructors><versionSpecificLibraries><entry><key>5.0</key></entry><entry><key>6.0</key></entry></versionSpecificLibraries></nativeClasses></mappings><mappings platformId="16"><nativeClasses frameworks="" library="KLPassbook.zip" name="KonyPKAddPassesViewController" packageName=""><constructors constructor="true" name="initWithPasses:andCallback:" static="false"><params dataType="NSArray"/><params dataType="Callback"/></constructors><versionSpecificLibraries><entry><key>5.0</key></entry><entry><key>6.0</key></entry></versionSpecificLibraries></nativeClasses></mappings><name>AddPassesViewController</name></jsClasses><jsFunctions name="isPassLibraryAvailable"><mappings platformId="1"><nativeFunction className="KonyPKPassLibrary" frameworks="PassKit.framework" library="KLPassbook.zip" name="isPassLibraryAvailable" packageName="" static="false"><versionSpecificLibraries><entry><key>5.0</key></entry><entry><key>6.0</key></entry></versionSpecificLibraries></nativeFunction></mappings><mappings platformId="16"><nativeFunction className="KonyPKPassLibrary" frameworks="PassKit.framework" library="KLPassbook.zip" name="isPassLibraryAvailable" packageName="" static="false"><versionSpecificLibraries><entry><key>5.0</key></entry><entry><key>6.0</key></entry></versionSpecificLibraries></nativeFunction></mappings><returnTypes>Boolean</returnTypes></jsFunctions></namespaces></javaScriptFFIContainer>