{
    "@class": "com.kony.gen.appprops.KVizAppProps",
    "appidkey": "PassBookSample",
    "appmenu": {
        "desktop": {
            "data": []
        },
        "mobile": {
            "data": []
        },
        "tablet": {
            "data": []
        },
        "wType": "Appmenu"
    },
    "appnamekey": "PassBookSample",
    "apppackagekey": "com.orgname.PassBookSample",
    "appversionkey": "1.0.0",
    "build": "release",
    "createdVizVersion": "2.9.0",
    "createdgaversion": "5.6.0",
    "currentgaversion": "7.1.0",
    "defaulttheme": "defaultTheme",
    "desktopwebaligenmentoption": "left",
    "desktopwebbasefontsize": "16",
    "desktopwebwidthoption": "Percentage",
    "desktopwebwidthval": "100",
    "enableactionbar": false,
    "extendBottom": "false",
    "extendTop": "false",
    "ide_appEvents": {},
    "ipadlandscapemodekey": "portrait",
    "iphonebundleidentifierkey": "com.kony.venkatdist",
    "iphonebundleversionkey": "1.0",
    "iphoneipadglossyeffectkey": "false",
    "isA11yConfigEnabled": false,
    "isNewAppWithRespectToAndroidPackageName": "true",
    "konyVizVersion": "7.1.0",
    "mwaddrkey": "10.10.5.42",
    "mwhttpsportkey": "443",
    "mwportkey": "80",
    "nativeContainerProperties": {
        "isModified": true,
        "isEnableJSContainer": false,
        "isEnableJSContainerAndroid": false,
        "isEnableJSContaineriOS": false
    },
    "pasteboardType": "2",
    "project_version": "sprint24",
    "spaandroidtabbasefontsize": "17",
    "spaipadbasefontsize": "17",
    "startupformkey": "frmMain",
    "statusBarHidden": "false",
    "statusBarStyle": "STATUS_BAR_STYLE_DEFAULT",
    "supportedorientations": [
        "portrait"
    ],
    "tabletstartupformkey": "frmMain",
    "vendornamekey": "KonyLabs",
    "wap_android240_fontsize": "10",
    "wap_android320_fontsize": "12",
    "wap_android360_fontsize": "13",
    "wap_android400_fontsize": "14",
    "wap_android440_fontsize": "15",
    "wap_android480_fontsize": "16",
    "wap_android640_fontsize": "19",
    "wap_android_fontsize": "10",
    "wap_bb240_fontsize": "12",
    "wap_bb320_fontsize": "12",
    "wap_bb360_fontsize": "12",
    "wap_bb400_fontsize": "12",
    "wap_bb440_fontsize": "12",
    "wap_bb480_fontsize": "12",
    "wap_ip_fontsize": "12",
    "wap_spaandroidtab_fontsize": "17",
    "wap_spaandroidtabhdpi_fontsize": "16",
    "wap_spaandroidtabldpi_fontsize": "17",
    "wap_spaandroidtabmdpi_fontsize": "14",
    "wap_spaandroidtabxhdpi_fontsize": "18",
    "wap_spaipad_fontsize": "17",
    "wap_spawindowstab_fontsize": "12",
    "wap_winphone320_fontsize": "12",
    "wap_winphone480_fontsize": "12",
    "watchos_longlooknotificationicon_38": "",
    "watchos_longlooknotificationicon_42": "",
    "watchos_notificationcentericon_38": "",
    "watchos_notificationcentericon_42": "",
    "watchos_shortlooknotificationicon_38": "",
    "watchos_shortlooknotificationicon_42": "",
    "winmangotiletitlekey": "PassBookSample",
    "winmobileguidkey": ""
}