{
    "p2kwiet201735961623_button1180790851141184_onClick_seq0": {
        "id": "p2kwiet201735961623_button1180790851141184_onClick_seq0",
        "type": "ACTION_SEQUENCE",
        "params": [{
            "name": "eventobject",
            "value": "eventobject"
        }],
        "language": "js",
        "actions": [{
            "id": "customcode_onClick_1812017359616834",
            "type": "INVOKE_FUNCTION",
            "sequenceKUID": "brdpass1",
            "display": "brdpass1",
            "inputparams": []
        }]
    }
}