{
    "p2kwiet201735961623_button1180790851141191_onClick_seq0": {
        "id": "p2kwiet201735961623_button1180790851141191_onClick_seq0",
        "type": "ACTION_SEQUENCE",
        "params": [{
            "name": "eventobject",
            "value": "eventobject"
        }],
        "language": "js",
        "actions": [{
            "id": "customcode_onClick_404282017359615609",
            "type": "INVOKE_FUNCTION",
            "sequenceKUID": "freehugs",
            "display": "freehugs",
            "inputparams": []
        }]
    }
}