{
    "p2kwiet201735961597_button213050578140_onClick_seq0": {
        "id": "p2kwiet201735961597_button213050578140_onClick_seq0",
        "type": "ACTION_SEQUENCE",
        "params": [{
            "name": "eventobject",
            "value": "eventobject"
        }],
        "language": "js",
        "actions": [{
            "id": "customcode_onClick_27722017359612719",
            "type": "INVOKE_FUNCTION",
            "sequenceKUID": "addPassToPassLibraryWithoutAnimation",
            "display": "addPassToPassLibraryWithoutAnimation",
            "inputparams": []
        }]
    }
}