{
    "p2kwiet201735961623_button1180790851141190_onClick_seq0": {
        "id": "p2kwiet201735961623_button1180790851141190_onClick_seq0",
        "type": "ACTION_SEQUENCE",
        "params": [{
            "name": "eventobject",
            "value": "eventobject"
        }],
        "language": "js",
        "actions": [{
            "id": "customcode_onClick_699652017359615876",
            "type": "INVOKE_FUNCTION",
            "sequenceKUID": "event",
            "display": "event",
            "inputparams": []
        }]
    }
}