{
    "p2kwiet201735961623_button1180790851141193_onClick_seq0": {
        "id": "p2kwiet201735961623_button1180790851141193_onClick_seq0",
        "type": "ACTION_SEQUENCE",
        "params": [{
            "name": "eventobject",
            "value": "eventobject"
        }],
        "language": "js",
        "actions": [{
            "id": "customcode_onClick_258892017359619590",
            "type": "INVOKE_FUNCTION",
            "sequenceKUID": "genRep",
            "display": "genRep",
            "inputparams": []
        }]
    }
}