{
    "p2kwiet201735961597_button19708853624284_onClick_seq0": {
        "id": "p2kwiet201735961597_button19708853624284_onClick_seq0",
        "type": "ACTION_SEQUENCE",
        "params": [{
            "name": "eventobject",
            "value": "eventobject"
        }],
        "language": "js",
        "actions": [{
            "id": "customcode_onClick_91442017359611443",
            "type": "INVOKE_FUNCTION",
            "sequenceKUID": "passesCount",
            "display": "passesCount",
            "inputparams": []
        }]
    }
}