{
    "p2kwiet201735961597_button1048322716295_onClick_seq0": {
        "id": "p2kwiet201735961597_button1048322716295_onClick_seq0",
        "type": "ACTION_SEQUENCE",
        "params": [{
            "name": "eventobject",
            "value": "eventobject"
        }],
        "language": "js",
        "actions": [{
            "id": "customcode_onClick_890962017359617307",
            "type": "INVOKE_FUNCTION",
            "sequenceKUID": "addPassToPassLibrary",
            "display": "addPassToPassLibrary",
            "inputparams": []
        }]
    }
}