{
    "p2kwiet201735961597_button1048322716299_onClick_seq0": {
        "id": "p2kwiet201735961597_button1048322716299_onClick_seq0",
        "type": "ACTION_SEQUENCE",
        "params": [{
            "name": "eventobject",
            "value": "eventobject"
        }],
        "language": "js",
        "actions": [{
            "id": "customcode_onClick_16425201735961866",
            "type": "INVOKE_FUNCTION",
            "sequenceKUID": "showPasses",
            "display": "showPasses",
            "inputparams": []
        }]
    }
}