<properties>
    <attributes name="project.type" value="js"/>
    <attributes name="appversionkey" value="1.0.0"/>
    <attributes name="mwportkey" value="80"/>
    <attributes name="winmangotiletitlekey" value="MapPolyLine"/>
    <attributes name="andtargetsdkkey" value="2.3.3"/>
    <attributes name="mwaddrkey" value="10.10.3.89"/>
    <attributes name="isNewAppWithRespectToAndroidPackageName" value="true"/>
    <attributes name="iphonebundleidentifierkey" value="com.kony.MapPolyLine"/>
    <attributes name="createdgaversion" value="6.5.0"/>
    <attributes name="build" value="debug"/>
    <attributes name="currentgaversion" value="6.5.2.GA_v201602101245_r9"/>
    <attributes name="appidkey" value="MapPolyLine"/>
    <attributes name="ioscheckboxcorrection" value="true"/>
    <attributes name="mwhttpsportkey" value="443"/>
    <attributes name="apppackagekey" value="com.orgname.MapPolyLine"/>
    <attributes name="iosrespectimagesizecorrection" value="true"/>
    <attributes name="iostextboxpaddingcorrection" value="true"/>
    <attributes name="vendornamekey" value="KonyLabs"/>
    <attributes name="marginsincludedinwidgetcontainerweight" value="true"/>
    <attributes name="iospopuptransitioncorrection" value="true"/>
    <attributes name="appnamekey" value="MapPolyLine"/>
    <attributes name="win6xj2meonlysupported" value="false"/>
    <attributes name="APPLICATION_THEME" value="default"/>
    <attributes name="SELECTED_THEME" value="default"/>
    <attributes name="startupformkey" value="frmMap"/>
    <attributes name="mapkey" value=""/>
</properties>