<application id="iBeaconSample" name="iBeaconSample" ffixmlversion="2.0" language="js"><jsnamespace namespace="com.kony" iphoneheaders="KLBeacons.zip:FFI_iBeacons.h;KLPeripheralManager.h;KLBeacon.h;KLBeaconManager.h;KLBeaconRegion.h" ipadheaders="KLBeacons.zip:FFI_iBeacons.h;KLPeripheralManager.h;KLBeacon.h;KLBeaconManager.h;KLBeaconRegion.h"><jsclasses><jsclass name="Beacon"><classmappings><mapping platform="iphone" library="KLBeacons.zip" namespace="" class="KLBeacon" frameworks="" /><mapping platform="ipad" library="KLBeacons.zip" namespace="" class="KLBeacon" frameworks="" /></classmappings><constructormethod returntype="Object"><params></params><mappings><mapping platform="iphone" method="init" constructor="true" static="false" frameworks="" ><params></params></mapping><mapping platform="ipad" method="init" constructor="true" static="false" frameworks="" ><params></params></mapping></mappings></constructormethod><instancemethods><instancemethod name="getProximityUUIDString" returntype="String"><params></params><mappings><mapping platform="iphone" static="false" method="proximityUUIDString" returntype="NSString"  ><params></params></mapping><mapping platform="ipad" static="false" method="proximityUUIDString" returntype="NSString"  ><params></params></mapping></mappings></instancemethod><instancemethod name="getMajor" returntype="Number"><params></params><mappings><mapping platform="iphone" static="false" method="major" returntype="NSNumber"  ><params></params></mapping><mapping platform="ipad" static="false" method="major" returntype="NSNumber"  ><params></params></mapping></mappings></instancemethod><instancemethod name="getMinor" returntype="Number"><params></params><mappings><mapping platform="iphone" static="false" method="minor" returntype="NSNumber"  ><params></params></mapping><mapping platform="ipad" static="false" method="minor" returntype="NSNumber"  ><params></params></mapping></mappings></instancemethod><instancemethod name="getProximity" returntype="String"><params></params><mappings><mapping platform="iphone" static="false" method="proximity" returntype="NSString"  ><params></params></mapping><mapping platform="ipad" static="false" method="proximity" returntype="NSString"  ><params></params></mapping></mappings></instancemethod><instancemethod name="getAccuracy" returntype="Number"><params></params><mappings><mapping platform="iphone" static="false" method="accuracy" returntype="double"  ><params></params></mapping><mapping platform="ipad" static="false" method="accuracy" returntype="double"  ><params></params></mapping></mappings></instancemethod><instancemethod name="getrssi" returntype="Number"><params></params><mappings><mapping platform="iphone" static="false" method="rssi" returntype="int"  ><params></params></mapping><mapping platform="ipad" static="false" method="rssi" returntype="int"  ><params></params></mapping></mappings></instancemethod></instancemethods></jsclass><jsclass name="BeaconManager"><classmappings><mapping platform="iphone" library="KLBeacons.zip" namespace="" class="KLBeaconManager" frameworks="CoreLocation.framework,CoreBluetooth.framework" /><mapping platform="ipad" library="KLBeacons.zip" namespace="" class="KLBeaconManager" frameworks="CoreLocation.framework,CoreBluetooth.framework" /></classmappings><constructormethod returntype="Object"><params><param name="monitoringCallback" type="Function"/><param name="rangingCallback" type="Function"/><param name="errorCallback" type="Function"/></params><mappings><mapping platform="iphone" method="initWithMonitoringCallback:rangingCallback:andErrorCallback:" constructor="true" static="false" frameworks="CoreLocation.framework,CoreBluetooth.framework" ><params><param type="Callback"/><param type="Callback"/><param type="Callback"/></params></mapping><mapping platform="ipad" method="initWithMonitoringCallback:rangingCallback:andErrorCallback:" constructor="true" static="false" frameworks="CoreLocation.framework,CoreBluetooth.framework" ><params><param type="Callback"/><param type="Callback"/><param type="Callback"/></params></mapping></mappings></constructormethod><instancemethods><instancemethod name="getMonitoredRegions" returntype="Array"><params></params><mappings><mapping platform="iphone" static="false" method="monitoredRegions" returntype="NSArray"  ><params></params></mapping><mapping platform="ipad" static="false" method="monitoredRegions" returntype="NSArray"  ><params></params></mapping></mappings></instancemethod><instancemethod name="getRangedRegions" returntype="Array"><params></params><mappings><mapping platform="iphone" static="false" method="rangedRegions" returntype="NSArray"  ><params></params></mapping><mapping platform="ipad" static="false" method="rangedRegions" returntype="NSArray"  ><params></params></mapping></mappings></instancemethod><instancemethod name="startMonitoringBeaconRegion" returntype="void"><params><param name="beaconRegion" type="Object"/></params><mappings><mapping platform="iphone" static="false" method="startMonitoringBeaconRegion:" returntype="void"  ><params><param type="id"/></params></mapping><mapping platform="ipad" static="false" method="startMonitoringBeaconRegion:" returntype="void"  ><params><param type="id"/></params></mapping></mappings></instancemethod><instancemethod name="stopMonitoringBeaconRegion" returntype="void"><params><param name="beaconRegion" type="Object"/></params><mappings><mapping platform="iphone" static="false" method="stopMonitoringBeaconRegion:" returntype="void"  ><params><param type="id"/></params></mapping><mapping platform="ipad" static="false" method="stopMonitoringBeaconRegion:" returntype="void"  ><params><param type="id"/></params></mapping></mappings></instancemethod><instancemethod name="requestStateForRegion" returntype="void"><params><param name="beaconRegion" type="Object"/></params><mappings><mapping platform="iphone" static="false" method="requestStateForRegion:" returntype="void"  ><params><param type="id"/></params></mapping><mapping platform="ipad" static="false" method="requestStateForRegion:" returntype="void"  ><params><param type="id"/></params></mapping></mappings></instancemethod><instancemethod name="startRangingBeaconsInRegion" returntype="void"><params><param name="beaconRegion" type="Object"/></params><mappings><mapping platform="iphone" static="false" method="startRangingBeaconsInRegion:" returntype="void"  ><params><param type="id"/></params></mapping><mapping platform="ipad" static="false" method="startRangingBeaconsInRegion:" returntype="void"  ><params><param type="id"/></params></mapping></mappings></instancemethod><instancemethod name="stopRangingBeaconsInRegion" returntype="void"><params><param name="beaconRegion" type="Object"/></params><mappings><mapping platform="iphone" static="false" method="stopRangingBeaconsInRegion:" returntype="void"  ><params><param type="id"/></params></mapping><mapping platform="ipad" static="false" method="stopRangingBeaconsInRegion:" returntype="void"  ><params><param type="id"/></params></mapping></mappings></instancemethod><instancemethod name="getMonitoringStartedForRegionCallback" returntype="Object"><params></params><mappings><mapping platform="iphone" static="false" method="monitoringStartedForRegionCallback" returntype="id"  ><params></params></mapping><mapping platform="ipad" static="false" method="monitoringStartedForRegionCallback" returntype="id"  ><params></params></mapping></mappings></instancemethod><instancemethod name="setMonitoringStartedForRegionCallback" returntype="void"><params><param name="callback" type="Function"/></params><mappings><mapping platform="iphone" static="false" method="setMonitoringStartedForRegionCallback:" returntype="void"  ><params><param type="Callback"/></params></mapping><mapping platform="ipad" static="false" method="setMonitoringStartedForRegionCallback:" returntype="void"  ><params><param type="Callback"/></params></mapping></mappings></instancemethod><instancemethod name="getAuthorizationStatusChangedCallback" returntype="Object"><params></params><mappings><mapping platform="iphone" static="false" method="authorizationStatusChangedCallback" returntype="id"  ><params></params></mapping><mapping platform="ipad" static="false" method="authorizationStatusChangedCallback" returntype="id"  ><params></params></mapping></mappings></instancemethod><instancemethod name="setAuthorizationStatusChangedCallback" returntype="void"><params><param name="callback" type="Function"/></params><mappings><mapping platform="iphone" static="false" method="setAuthorizationStatusChangedCallback:" returntype="void"  ><params><param type="Callback"/></params></mapping><mapping platform="ipad" static="false" method="setAuthorizationStatusChangedCallback:" returntype="void"  ><params><param type="Callback"/></params></mapping></mappings></instancemethod><instancemethod name="authorizationStatus" returntype="String"><params></params><mappings><mapping platform="iphone" static="false" method="authorizationStatus" returntype="NSString"  ><params></params></mapping><mapping platform="ipad" static="false" method="authorizationStatus" returntype="NSString"  ><params></params></mapping></mappings></instancemethod><instancemethod name="isMonitoringAvailableForBeaconRegions" returntype="Boolean"><params></params><mappings><mapping platform="iphone" static="false" method="isMonitoringAvailableForBeaconRegions" returntype="BOOL"  ><params></params></mapping><mapping platform="ipad" static="false" method="isMonitoringAvailableForBeaconRegions" returntype="BOOL"  ><params></params></mapping></mappings></instancemethod><instancemethod name="isRangingAvailableForBeaconRegions" returntype="Boolean"><params></params><mappings><mapping platform="iphone" static="false" method="isRangingAvailableForBeaconRegions" returntype="BOOL"  ><params></params></mapping><mapping platform="ipad" static="false" method="isRangingAvailableForBeaconRegions" returntype="BOOL"  ><params></params></mapping></mappings></instancemethod></instancemethods></jsclass><jsclass name="BeaconRegion"><classmappings><mapping platform="iphone" library="KLBeacons.zip" namespace="" class="KLBeaconRegion" frameworks="" /><mapping platform="ipad" library="KLBeacons.zip" namespace="" class="KLBeaconRegion" frameworks="" /></classmappings><constructormethod returntype="Object"><params><param name="proximityUUID" type="String"/><param name="major" type="Number"/><param name="minor" type="Number"/><param name="identifier" type="String"/></params><mappings><mapping platform="iphone" method="beaconRegionWithProximityUUID:major:minor:identifier:" constructor="true" static="true" frameworks="" ><params><param type="NSString"/><param type="NSNumber"/><param type="NSNumber"/><param type="NSString"/></params></mapping><mapping platform="ipad" method="beaconRegionWithProximityUUID:major:minor:identifier:" constructor="true" static="true" frameworks="" ><params><param type="NSString"/><param type="NSNumber"/><param type="NSNumber"/><param type="NSString"/></params></mapping></mappings></constructormethod><instancemethods><instancemethod name="getProximityUUIDString" returntype="String"><params></params><mappings><mapping platform="iphone" static="false" method="proximityUUIDString" returntype="NSString"  ><params></params></mapping><mapping platform="ipad" static="false" method="proximityUUIDString" returntype="NSString"  ><params></params></mapping></mappings></instancemethod><instancemethod name="getMajor" returntype="Number"><params></params><mappings><mapping platform="iphone" static="false" method="major" returntype="NSNumber"  ><params></params></mapping><mapping platform="ipad" static="false" method="major" returntype="NSNumber"  ><params></params></mapping></mappings></instancemethod><instancemethod name="getMinor" returntype="Number"><params></params><mappings><mapping platform="iphone" static="false" method="minor" returntype="NSNumber"  ><params></params></mapping><mapping platform="ipad" static="false" method="minor" returntype="NSNumber"  ><params></params></mapping></mappings></instancemethod><instancemethod name="getNotifyEntryStateOnDisplay" returntype="Boolean"><params></params><mappings><mapping platform="iphone" static="false" method="notifyEntryStateOnDisplay" returntype="BOOL"  ><params></params></mapping><mapping platform="ipad" static="false" method="notifyEntryStateOnDisplay" returntype="BOOL"  ><params></params></mapping></mappings></instancemethod><instancemethod name="setNotifyEntryStateOnDisplay" returntype="void"><params><param name="state" type="Boolean"/></params><mappings><mapping platform="iphone" static="false" method="setNotifyEntryStateOnDisplay:" returntype="void"  ><params><param type="BOOL"/></params></mapping><mapping platform="ipad" static="false" method="setNotifyEntryStateOnDisplay:" returntype="void"  ><params><param type="BOOL"/></params></mapping></mappings></instancemethod><instancemethod name="getIdentifier" returntype="String"><params></params><mappings><mapping platform="iphone" static="false" method="identifier" returntype="NSString"  ><params></params></mapping><mapping platform="ipad" static="false" method="identifier" returntype="NSString"  ><params></params></mapping></mappings></instancemethod></instancemethods></jsclass><jsclass name="PeripheralManager"><classmappings><mapping platform="iphone" library="KLBeacons.zip" namespace="" class="KLPeripheralManager" frameworks="" /><mapping platform="ipad" library="KLBeacons.zip" namespace="" class="KLPeripheralManager" frameworks="" /></classmappings><constructormethod returntype="Object"><params><param name="stateUpdatedCallback" type="Function"/><param name="advertisingStatusCallback" type="Function"/></params><mappings><mapping platform="iphone" method="initWithStateUpdatedCallback:andAdvertisingStatusCallback:" constructor="true" static="false" frameworks="" ><params><param type="Callback"/><param type="Callback"/></params></mapping><mapping platform="ipad" method="initWithStateUpdatedCallback:andAdvertisingStatusCallback:" constructor="true" static="false" frameworks="" ><params><param type="Callback"/><param type="Callback"/></params></mapping></mappings></constructormethod><instancemethods><instancemethod name="startAdvertisingWithMeasuredPower" returntype="void"><params><param name="beaconRegion" type="Object"/><param name="measuredPower" type="Number"/></params><mappings><mapping platform="iphone" static="false" method="startAdvertising:withMeasuredPower:" returntype="void"  ><params><param type="id"/><param type="NSNumber"/></params></mapping><mapping platform="ipad" static="false" method="startAdvertising:withMeasuredPower:" returntype="void"  ><params><param type="id"/><param type="NSNumber"/></params></mapping></mappings></instancemethod><instancemethod name="stopAdvertising" returntype="void"><params></params><mappings><mapping platform="iphone" static="false" method="stopAdvertising" returntype="void"  ><params></params></mapping><mapping platform="ipad" static="false" method="stopAdvertising" returntype="void"  ><params></params></mapping></mappings></instancemethod><instancemethod name="isAdvertising" returntype="Boolean"><params></params><mappings><mapping platform="iphone" static="false" method="isAdvertising" returntype="BOOL"  ><params></params></mapping><mapping platform="ipad" static="false" method="isAdvertising" returntype="BOOL"  ><params></params></mapping></mappings></instancemethod><instancemethod name="authorizationStatus" returntype="String"><params></params><mappings><mapping platform="iphone" static="false" method="authorizationStatus" returntype="NSString"  ><params></params></mapping><mapping platform="ipad" static="false" method="authorizationStatus" returntype="NSString"  ><params></params></mapping></mappings></instancemethod></instancemethods></jsclass></jsclasses><jsfunctions></jsfunctions></jsnamespace></application>