{
    "DNDConfig": null,
    "_enabled_": false,
    "_margin_": [
        0,
        0,
        0,
        0
    ],
    "_orientation_": 1,
    "_padding_": [
        0,
        0,
        0,
        0
    ],
    "_percent_": true,
    "_position_": 3,
    "_resize_": true,
    "_skin_": "s2e2d96fc2ae4c45963578008cee86ff",
    "allboxes": [],
    "android": {
        "@class": "com.kony.gen.viz.model.container.property.scrollbox.AndroidScrollBoxProperty",
        "_position_": 3,
        "enableScrollByPage": false,
        "position": 3,
        "render": true,
        "showScrollbars": true,
        "undefined": false
    },
    "canUpdateUI": true,
    "children": [],
    "containerheightreference": 1,
    "containerweight": 100,
    "enablescrollbypage": false,
    "id": "scrbId",
    "info": null,
    "ipad": {
        "@class": "com.kony.gen.viz.model.container.property.scrollbox.IPadScrollBoxProperty",
        "_margin_": [
            0,
            0,
            0,
            0
        ],
        "_position_": 3,
        "enableScrollByPage": false,
        "margin": [
            0,
            0,
            0,
            0
        ],
        "marginInPixel": false,
        "position": 3,
        "psp": {
            "bounces": true
        },
        "render": true,
        "showScrollbars": true,
        "undefined": false
    },
    "isvisible": true,
    "kuid": "p2kwiet201735961622",
    "layoutalignment": 3,
    "margininpixel": false,
    "name": "kony.ui.ScrollBox",
    "paddinginpixel": false,
    "parent": "frmTwo",
    "pf": "frmTwo",
    "scrollbar": "scrollbar",
    "scrolldirection": 1,
    "scrollingevents": null,
    "showscrollbars": true,
    "spa": {
        "@class": "com.kony.gen.viz.model.container.property.scrollbox.SPAScrollBoxProperty",
        "psp": {
            "scrollArrowConfig": [
                null,
                null,
                null,
                null
            ]
        }
    },
    "spaandroidtablet": {
        "@class": "com.kony.gen.viz.model.container.property.scrollbox.SPAAndroidTabletScrollBoxProperty",
        "render": true
    },
    "spaipad": {
        "@class": "com.kony.gen.viz.model.container.property.scrollbox.SPAIPadScrollBoxProperty",
        "render": true
    },
    "spawindowstablet": {
        "@class": "com.kony.gen.viz.model.container.property.scrollbox.SPAWindowsTabletScrollBoxProperty",
        "render": true
    },
    "templateType": "forms",
    "totalWt": 0,
    "wType": "ScrollBox",
    "widgetalignment": 1,
    "windows8": {
        "@class": "com.kony.gen.viz.model.container.property.scrollbox.Windows8ScrollBoxProperty",
        "_margin_": [
            0,
            0,
            0,
            0
        ],
        "margin": [
            0,
            0,
            0,
            0
        ],
        "marginInPixel": false,
        "render": true
    }
}