{
    "DNDConfig": null,
    "_enabled_": false,
    "_margin_": [
        0,
        0,
        0,
        0
    ],
    "_padding_": [
        0,
        3,
        0,
        3
    ],
    "_skin_": "s05ef200bbad4a14b0ec17105afae7ef",
    "_text_": "Replace pass",
    "android": {
        "@class": "com.kony.gen.viz.model.component.property.button.AndroidButtonProperty",
        "displayText": true,
        "render": true
    },
    "canUpdateUI": true,
    "containerweight": 100,
    "contentalignment": 5,
    "displaytext": true,
    "focusskin": "s91b71a1fdc64272bb705c0b6b148ada",
    "hexpand": true,
    "id": "button1048322716297",
    "ide_onClick": "p2kwiet201735961558_button1048322716297_onClick_seq0",
    "info": null,
    "iphone": {
        "@class": "com.kony.gen.viz.model.component.property.button.IPhoneButtonProperty",
        "_margin_": [
            1,
            1,
            1,
            1
        ],
        "displayText": true,
        "margin": [
            1,
            1,
            1,
            1
        ],
        "marginInPixel": true,
        "psp": {
            "glowEffect": false
        },
        "render": true
    },
    "isvisible": true,
    "kuid": "p2kwiet201735961544",
    "margininpixel": false,
    "name": "kony.ui.Button",
    "paddinginpixel": false,
    "parent": "frmMain",
    "pf": "frmMain",
    "spa": {
        "@class": "com.kony.gen.viz.model.component.property.button.SPAButtonProperty",
        "displayText": true
    },
    "spaan": {
        "@class": "com.kony.gen.viz.model.component.property.button.SPAAndroidButtonProperty",
        "render": true
    },
    "spabb": {
        "@class": "com.kony.gen.viz.model.component.property.button.SPABBButtonProperty",
        "render": true
    },
    "spaip": {
        "@class": "com.kony.gen.viz.model.component.property.button.SPAIPhoneButtonProperty",
        "render": true
    },
    "spawinphone8": {
        "@class": "com.kony.gen.viz.model.component.property.button.SPAWinPhone8ButtonProperty",
        "render": true
    },
    "vexpand": false,
    "wType": "Button",
    "widgetalignment": 5,
    "winphone8": {
        "@class": "com.kony.gen.viz.model.component.property.button.WinPhone8ButtonProperty",
        "_margin_": [
            1,
            1,
            1,
            1
        ],
        "displayText": true,
        "margin": [
            1,
            1,
            1,
            1
        ],
        "marginInPixel": true,
        "psp": {
            "enableCache": false
        },
        "render": true
    }
}